<?xml version = '1.0' encoding = 'UTF-8'?>
<Diagram class="oracle.dbtools.crest.swingui.relational.DPVRelational" name="Relational_1" id="DE94E038-B046-7D3C-84DA-A88E548597D4">
<createdBy>fgald</createdBy>
<modifiedBy>fgald</modifiedBy>
<createdTime>2022-11-10 00:12:22 UTC</createdTime>
<autoRoute>false</autoRoute>
<boxInbox>true</boxInbox>
<showLegend>false</showLegend>
<showLabels>false</showLabels>
<showRelAttributes>false</showRelAttributes>
<gridEnabled>true</gridEnabled>
<showGrid>false</showGrid>
<diagramColor>-1</diagramColor>
<display>false</display>
<notation>1</notation>
<objectViews>
<OView class="oracle.dbtools.crest.swingui.relational.TVTable" oid="2591A17F-DCDF-1D8C-2687-A59199CAE442" otype="Table" vid="FEDD0E93-0BB9-7FAD-B9F3-CB56A2CD0BEB">
<hideElementsInCurrentOnly>false</hideElementsInCurrentOnly>
<bounds x="360" y="440" width="321" height="191"/>
</OView>
<OView class="oracle.dbtools.crest.swingui.relational.TVTable" oid="2E1182B9-9DAA-2A12-F57A-B9A223496C99" otype="Table" vid="10DE0C6C-1BB8-FB6E-F0B0-35C184467804">
<hideElementsInCurrentOnly>false</hideElementsInCurrentOnly>
<bounds x="770" y="470" width="301" height="161"/>
</OView>
<OView class="oracle.dbtools.crest.swingui.relational.TVTable" oid="3BAD28D2-792F-025D-BCB8-D2CAF2A7EDF0" otype="Table" vid="1DCF624B-835F-CA5D-5DBB-764206F24B99">
<hideElementsInCurrentOnly>false</hideElementsInCurrentOnly>
<bounds x="10" y="210" width="236" height="101"/>
</OView>
<OView class="oracle.dbtools.crest.swingui.relational.TVTable" oid="535B3A0E-5585-41B4-B9C6-EBC857E30568" otype="Table" vid="B303484C-1D29-CAE3-281D-6735EAED9416">
<hideElementsInCurrentOnly>false</hideElementsInCurrentOnly>
<bounds x="310" y="160" width="421" height="221"/>
</OView>
<OView class="oracle.dbtools.crest.swingui.relational.TVTable" oid="7C226419-2F66-671E-4CEC-2EC829F3DC59" otype="Table" vid="83C89D78-2A91-E57C-A360-CB0B1CB5ECCC">
<hideElementsInCurrentOnly>false</hideElementsInCurrentOnly>
<bounds x="790" y="190" width="227" height="108"/>
</OView>
<OView class="oracle.dbtools.crest.swingui.relational.TVTable" oid="BDA29647-E1FD-A1A2-98C7-C84A61E54E79" otype="Table" vid="D4E203AF-55BF-2A63-CB14-990F3058A8BB">
<hideElementsInCurrentOnly>false</hideElementsInCurrentOnly>
<bounds x="380" y="684" width="261" height="217"/>
</OView>
<OView class="oracle.dbtools.crest.swingui.relational.TVTable" oid="F6581DDE-875B-9CA6-E46D-BDC1A03AAF3D" otype="Table" vid="2307912A-FEC0-E0D3-96DC-9C3D8E2E92A8">
<hideElementsInCurrentOnly>false</hideElementsInCurrentOnly>
<bounds x="370" y="0" width="270" height="101"/>
</OView>
</objectViews>
<connectors>
<Connector class="oracle.dbtools.crest.swingui.relational.TVFKRelation" oid="27BFC7C6-AA1E-36E3-C7F7-9024C3BD4C66" otype="FKIndexAssociation" vid_source="10DE0C6C-1BB8-FB6E-F0B0-35C184467804" vid_target="FEDD0E93-0BB9-7FAD-B9F3-CB56A2CD0BEB">
<hideElementsInCurrentOnly>false</hideElementsInCurrentOnly>
<backgroundColor>-16777216</backgroundColor>
<lineWidth>1</lineWidth>
<points>
<point x="770" y="550"/>
<point x="681" y="550"/>
</points>
</Connector>
<Connector class="oracle.dbtools.crest.swingui.relational.TVFKRelation" oid="3EFD54B3-F409-6ED4-86F7-725732B34A81" otype="FKIndexAssociation" vid_source="1DCF624B-835F-CA5D-5DBB-764206F24B99" vid_target="B303484C-1D29-CAE3-281D-6735EAED9416">
<hideElementsInCurrentOnly>false</hideElementsInCurrentOnly>
<backgroundColor>-16777216</backgroundColor>
<lineWidth>1</lineWidth>
<points>
<point x="246" y="260"/>
<point x="310" y="260"/>
</points>
</Connector>
<Connector class="oracle.dbtools.crest.swingui.relational.TVFKRelation" oid="588ED6FA-690A-A2DA-E43E-94DF8030C7E4" otype="FKIndexAssociation" vid_source="D4E203AF-55BF-2A63-CB14-990F3058A8BB" vid_target="FEDD0E93-0BB9-7FAD-B9F3-CB56A2CD0BEB">
<hideElementsInCurrentOnly>false</hideElementsInCurrentOnly>
<backgroundColor>-16777216</backgroundColor>
<lineWidth>1</lineWidth>
<points>
<point x="525" y="684"/>
<point x="525" y="631"/>
</points>
</Connector>
<Connector class="oracle.dbtools.crest.swingui.relational.TVFKRelation" oid="590471B5-4F3F-624A-B677-7862D963344E" otype="FKIndexAssociation" vid_source="B303484C-1D29-CAE3-281D-6735EAED9416" vid_target="FEDD0E93-0BB9-7FAD-B9F3-CB56A2CD0BEB">
<hideElementsInCurrentOnly>false</hideElementsInCurrentOnly>
<backgroundColor>-16777216</backgroundColor>
<lineWidth>1</lineWidth>
<points>
<point x="520" y="381"/>
<point x="520" y="440"/>
</points>
</Connector>
<Connector class="oracle.dbtools.crest.swingui.relational.TVFKRelation" oid="A1F81D79-D364-6A7B-0EF3-2EDBCF1A8754" otype="FKIndexAssociation" vid_source="2307912A-FEC0-E0D3-96DC-9C3D8E2E92A8" vid_target="B303484C-1D29-CAE3-281D-6735EAED9416">
<hideElementsInCurrentOnly>false</hideElementsInCurrentOnly>
<backgroundColor>-16777216</backgroundColor>
<lineWidth>1</lineWidth>
<points>
<point x="505" y="101"/>
<point x="505" y="160"/>
</points>
</Connector>
<Connector class="oracle.dbtools.crest.swingui.relational.TVFKRelation" oid="D874B91F-ED02-553F-F477-6DC4277E1899" otype="FKIndexAssociation" vid_source="83C89D78-2A91-E57C-A360-CB0B1CB5ECCC" vid_target="B303484C-1D29-CAE3-281D-6735EAED9416">
<hideElementsInCurrentOnly>false</hideElementsInCurrentOnly>
<backgroundColor>-16777216</backgroundColor>
<lineWidth>1</lineWidth>
<points>
<point x="790" y="244"/>
<point x="731" y="244"/>
</points>
</Connector>
<Connector class="oracle.dbtools.crest.swingui.relational.TVFKRelation" oid="DADADE01-BC26-7030-B680-A061292A2893" otype="FKIndexAssociation" vid_source="D4E203AF-55BF-2A63-CB14-990F3058A8BB" vid_target="10DE0C6C-1BB8-FB6E-F0B0-35C184467804">
<hideElementsInCurrentOnly>false</hideElementsInCurrentOnly>
<backgroundColor>-16777216</backgroundColor>
<lineWidth>1</lineWidth>
<points>
<point x="641" y="776"/>
<point x="887" y="776"/>
<point x="887" y="631"/>
</points>
</Connector>
</connectors>
</Diagram>