<?xml version = '1.0' encoding = 'UTF-8'?>
<FKIndexAssociation class="oracle.dbtools.crest.model.design.relational.FKIndexAssociation" directorySegmentName="seg_0" id="588ED6FA-690A-A2DA-E43E-94DF8030C7E4" containerWithKeyObject="2591A17F-DCDF-1D8C-2687-A59199CAE442" localFKIndex="EA3F88C1-A784-6874-D833-4F6BE247F32E" name="ic_paciente_FK">
<createdBy>fgald</createdBy>
<createdTime>2022-11-10 00:12:22 UTC</createdTime>
<generatorID>8F5952EE-E1FC-3A3C-962A-CA0AF56675EB</generatorID>
<ownerDesignName>trabajo</ownerDesignName>
<referredTableLongName>paciente</referredTableLongName>
<deleteRule>NO ACTION</deleteRule>
<referredTableID>BDA29647-E1FD-A1A2-98C7-C84A61E54E79</referredTableID>
<keyObject>CA56285E-FB81-0FB9-04DD-217950238B78</keyObject>
<referredKeyID>CA56285E-FB81-0FB9-04DD-217950238B78</referredKeyID>
<mandatory>true</mandatory>
<refColNames>rut_paciente</refColNames>
<transferable>true</transferable>
<rely>false</rely>
<columnDependencyConstraintGenerateInDDL>true</columnDependencyConstraintGenerateInDDL>
</FKIndexAssociation>