<?xml version = '1.0' encoding = 'UTF-8'?>
<Relation class="oracle.dbtools.crest.model.design.logical.Relation" name="Relation_8" directorySegmentName="seg_0" id="8F5952EE-E1FC-3A3C-962A-CA0AF56675EB">
<createdBy>Monito</createdBy>
<createdTime>2022-11-08 01:26:02 UTC</createdTime>
<ownerDesignName>trabajo</ownerDesignName>
<engineerTo>
<item key="77D30BBB-0A6A-7E30-0DE5-9955132AE4C9" value="true"/>
</engineerTo>
<sourcePk>06671529-81E6-44BF-DE6E-6FCA3388D66C</sourcePk>
<targetPk>E9522CDB-381F-4267-2016-856881A55C61</targetPk>
<identifying>false</identifying>
<optionalSource>false</optionalSource>
<optionalTarget>true</optionalTarget>
<sourceCardinality>*</sourceCardinality>
<sourceEntity>1604F796-E8EA-282A-2838-BACEB50713B9</sourceEntity>
<targetCardinalityString>1</targetCardinalityString>
<targetEntity>2D1D8CF9-B2DE-0105-1A33-AB02FC47E7C5</targetEntity>
<transferable>true</transferable>
<deleteRule>NO ACTION</deleteRule>
</Relation>