<?xml version = '1.0' encoding = 'UTF-8'?>
<Relation class="oracle.dbtools.crest.model.design.logical.Relation" name="per_salud/unidad" directorySegmentName="seg_0" id="96324E1A-7123-608F-5956-F35DCA1A48B7">
<createdBy>Monito</createdBy>
<createdTime>2022-11-08 00:44:13 UTC</createdTime>
<ownerDesignName>trabajo</ownerDesignName>
<engineerTo>
<item key="77D30BBB-0A6A-7E30-0DE5-9955132AE4C9" value="true"/>
</engineerTo>
<sourcePk>1547FFBD-B268-7BEF-E44D-6CF768A94928</sourcePk>
<targetPk>6F4229D6-5429-1699-E595-7853323B2353</targetPk>
<identifying>false</identifying>
<optionalSource>false</optionalSource>
<optionalTarget>false</optionalTarget>
<sourceCardinality>*</sourceCardinality>
<sourceEntity>D54B9546-7322-019C-8AEE-E8D511E7BA18</sourceEntity>
<targetCardinalityString>1</targetCardinalityString>
<targetEntity>6CA1288F-C725-27B6-7359-C58F34B9EE86</targetEntity>
<transferable>true</transferable>
<deleteRule>NO ACTION</deleteRule>
</Relation>