<?xml version = '1.0' encoding = 'UTF-8'?>
<Table class="oracle.dbtools.crest.model.design.relational.Table" directorySegmentName="seg_0" id="2E1182B9-9DAA-2A12-F57A-B9A223496C99" name="ficha_paciente">
<createdBy>fgald</createdBy>
<createdTime>2022-11-10 00:12:22 UTC</createdTime>
<generatorID>21E6D229-82FE-51ED-60B8-D38B617699A4</generatorID>
<ownerDesignName>trabajo</ownerDesignName>
<allowColumnReorder>false</allowColumnReorder>
<existDependencyGenerateInDDl>true</existDependencyGenerateInDDl>
<parsed>true</parsed>
<columns itemClass="oracle.dbtools.crest.model.design.relational.Column">
<Column name="id_ficha" id="1EE896F9-A453-7079-3BEA-B44BE44E4685">
<createdBy>fgald</createdBy>
<createdTime>2022-11-10 00:12:22 UTC</createdTime>
<generatorID>6A5CE923-DBB9-5BAC-28E6-7456F3276B72</generatorID>
<ownerDesignName>trabajo</ownerDesignName>
<useDomainConstraints>false</useDomainConstraints>
<use>1</use>
<logicalDatatype>LOGDT011</logicalDatatype>
<ownDataTypeParameters>,,</ownDataTypeParameters>
<autoIncrementCycle>false</autoIncrementCycle>
</Column>
<Column name="diagnostico_paciente" id="E52D7BF7-53D6-96E1-D98B-22071CA119AD">
<createdBy>fgald</createdBy>
<createdTime>2022-11-10 00:12:22 UTC</createdTime>
<generatorID>43C3BC12-F8A4-232B-896A-F6FC6E2F37BB</generatorID>
<ownerDesignName>trabajo</ownerDesignName>
<useDomainConstraints>false</useDomainConstraints>
<use>1</use>
<logicalDatatype>LOGDT024</logicalDatatype>
<dataTypeSize>200 CHAR</dataTypeSize>
<ownDataTypeParameters>200 CHAR,,</ownDataTypeParameters>
<autoIncrementCycle>false</autoIncrementCycle>
</Column>
<Column name="operaciones" id="14D796E4-256B-CA53-FE3F-7B3649834559">
<createdBy>fgald</createdBy>
<createdTime>2022-11-10 00:12:22 UTC</createdTime>
<generatorID>EA97FCCD-2045-F970-BE10-8DC928A690BA</generatorID>
<ownerDesignName>trabajo</ownerDesignName>
<useDomainConstraints>false</useDomainConstraints>
<use>1</use>
<logicalDatatype>LOGDT024</logicalDatatype>
<dataTypeSize>15 CHAR</dataTypeSize>
<ownDataTypeParameters>15 CHAR,,</ownDataTypeParameters>
<autoIncrementCycle>false</autoIncrementCycle>
</Column>
<Column name="riesgo_salud" id="BFCA28A8-6025-FECA-D695-569A184DF877">
<createdBy>fgald</createdBy>
<createdTime>2022-11-10 00:12:22 UTC</createdTime>
<generatorID>14187E07-68AC-E2C3-C046-4D785F7DB58D</generatorID>
<ownerDesignName>trabajo</ownerDesignName>
<useDomainConstraints>false</useDomainConstraints>
<use>1</use>
<logicalDatatype>LOGDT024</logicalDatatype>
<dataTypeSize>10 CHAR</dataTypeSize>
<ownDataTypeParameters>10 CHAR,,</ownDataTypeParameters>
<autoIncrementCycle>false</autoIncrementCycle>
</Column>
<Column name="paciente_rut_paciente" id="38D895B2-B94A-F9DA-84E6-72B89E337EFC">
<createdBy>fgald</createdBy>
<createdTime>2022-11-10 00:12:22 UTC</createdTime>
<generatorID>22E1B504-8400-98EE-CFC1-3E6F86B8E871</generatorID>
<ownerDesignName>trabajo</ownerDesignName>
<useDomainConstraints>false</useDomainConstraints>
<use>1</use>
<logicalDatatype>LOGDT024</logicalDatatype>
<dataTypeSize>9 CHAR</dataTypeSize>
<ownDataTypeParameters>,,</ownDataTypeParameters>
<previousColumn>false</previousColumn>
<autoIncrementCycle>false</autoIncrementCycle>
<associations>
<colAssociation fkAssociation="DADADE01-BC26-7030-B680-A061292A2893" referredColumn="B658AC41-3B34-1FF0-5ED2-FC0F14B1BE2F"/>
</associations>
</Column>
</columns>
<indexes itemClass="oracle.dbtools.crest.model.design.relational.Index">
<ind_PK_UK id="D53C7723-E396-E1B0-BD23-F9427200B806" name="ficha_paciente_PK">
<createdBy>fgald</createdBy>
<createdTime>2022-11-10 00:12:22 UTC</createdTime>
<generatorID>81AF64A7-E4BE-ABF3-F599-93AB078989DD</generatorID>
<ownerDesignName>trabajo</ownerDesignName>
<pk>true</pk>
<indexState>Primary Constraint</indexState>
<isSurrogateKey>false</isSurrogateKey>
<indexColumnUsage>
<colUsage columnID="1EE896F9-A453-7079-3BEA-B44BE44E4685"/>
</indexColumnUsage>
</ind_PK_UK>
<ind_PK_UK id="ECB4380E-1A06-16D3-CC5E-C654173BCB94" name="ficha_paciente__IDX">
<createdBy>fgald</createdBy>
<createdTime>2022-11-10 00:12:22 UTC</createdTime>
<ownerDesignName>trabajo</ownerDesignName>
<indexState>Unique Plain Index</indexState>
<isSurrogateKey>false</isSurrogateKey>
<relationGeneratorID>798F7DC5-F8F8-3CF7-DEDC-3E610342C24C</relationGeneratorID>
<indexColumnUsage>
<colUsage columnID="38D895B2-B94A-F9DA-84E6-72B89E337EFC"/>
</indexColumnUsage>
</ind_PK_UK>
<ind_PK_UK id="C0DEEF23-1783-D320-E3B1-083D11FD19EE" name="ficha_paciente_paciente_FK">
<createdBy>fgald</createdBy>
<createdTime>2022-11-10 00:12:22 UTC</createdTime>
<generatorID>798F7DC5-F8F8-3CF7-DEDC-3E610342C24C</generatorID>
<ownerDesignName>trabajo</ownerDesignName>
<indexState>Foreign Key</indexState>
<isSurrogateKey>false</isSurrogateKey>
<indexColumnUsage>
<colUsage columnID="38D895B2-B94A-F9DA-84E6-72B89E337EFC"/>
</indexColumnUsage>
</ind_PK_UK>
</indexes>
</Table>