<?xml version = '1.0' encoding = 'UTF-8'?>
<Table class="oracle.dbtools.crest.model.design.relational.Table" directorySegmentName="seg_0" id="7C226419-2F66-671E-4CEC-2EC829F3DC59" name="unidad">
<createdBy>fgald</createdBy>
<createdTime>2022-11-10 00:12:22 UTC</createdTime>
<generatorID>6CA1288F-C725-27B6-7359-C58F34B9EE86</generatorID>
<ownerDesignName>trabajo</ownerDesignName>
<allowColumnReorder>false</allowColumnReorder>
<existDependencyGenerateInDDl>true</existDependencyGenerateInDDl>
<parsed>true</parsed>
<columns itemClass="oracle.dbtools.crest.model.design.relational.Column">
<Column name="id_unidad" id="841E6ABF-A290-D136-033F-7F788EF58E93">
<createdBy>fgald</createdBy>
<createdTime>2022-11-10 00:12:22 UTC</createdTime>
<generatorID>5E7A9FB1-911C-AA19-CBF9-6E242D5AC5D0</generatorID>
<ownerDesignName>trabajo</ownerDesignName>
<useDomainConstraints>false</useDomainConstraints>
<use>1</use>
<logicalDatatype>LOGDT011</logicalDatatype>
<ownDataTypeParameters>,,</ownDataTypeParameters>
<autoIncrementCycle>false</autoIncrementCycle>
</Column>
<Column name="nom_unidad" id="F38ABFC6-2830-BD91-7CDA-E4CCC44DF897">
<createdBy>fgald</createdBy>
<createdTime>2022-11-10 00:12:22 UTC</createdTime>
<generatorID>0CF593A0-2927-EA05-33C2-017CDD80BE35</generatorID>
<ownerDesignName>trabajo</ownerDesignName>
<useDomainConstraints>false</useDomainConstraints>
<use>1</use>
<logicalDatatype>LOGDT024</logicalDatatype>
<dataTypeSize>30 CHAR</dataTypeSize>
<ownDataTypeParameters>30 CHAR,,</ownDataTypeParameters>
<autoIncrementCycle>false</autoIncrementCycle>
</Column>
</columns>
<indexes itemClass="oracle.dbtools.crest.model.design.relational.Index">
<ind_PK_UK id="324E48C1-6AD7-3213-1564-0E7F4C0999FA" name="unidad_PK">
<createdBy>fgald</createdBy>
<createdTime>2022-11-10 00:12:22 UTC</createdTime>
<generatorID>6F4229D6-5429-1699-E595-7853323B2353</generatorID>
<ownerDesignName>trabajo</ownerDesignName>
<pk>true</pk>
<indexState>Primary Constraint</indexState>
<isSurrogateKey>false</isSurrogateKey>
<indexColumnUsage>
<colUsage columnID="841E6ABF-A290-D136-033F-7F788EF58E93"/>
</indexColumnUsage>
</ind_PK_UK>
</indexes>
</Table>